epoch	load1	load5	load15	benchmarks
1787301932	8.14	7.83	6.19	0
1787301937	7.81	7.76	6.18	0
1787301942	7.26	7.65	6.15	0
1787301947	6.76	7.54	6.12	0
1787301952	6.46	7.46	6.10	0
1787301957	6.34	7.42	6.10	0
1787301962	7.44	7.63	6.17	2
1787301967	7.32	7.60	6.17	2
1787301972	6.89	7.51	6.15	2
1787301977	6.58	7.44	6.13	2
1787301982	6.21	7.35	6.11	2
1787301988	5.88	7.26	6.09	2
1787301993	5.57	7.17	6.06	2
1787301998	5.44	7.12	6.05	3
1787302003	5.73	7.15	6.07	3
1787302008	5.99	7.18	6.09	3
1787302013	5.67	7.09	6.06	3
1787302018	5.78	7.09	6.07	0
1787302023	5.95	7.11	6.08	0
1787302028	6.28	7.15	6.10	0
1787302033	5.93	7.07	6.08	0
1787302038	6.26	7.12	6.10	0
1787302043	6.08	7.06	6.09	0
1787302048	5.83	7.00	6.07	0
1787302053	6.09	7.03	6.09	0
1787302058	6.08	7.01	6.09	0
1787302063	5.75	6.93	6.07	0
1787302068	5.45	6.85	6.04	0
1787302073	5.25	6.78	6.03	0
1787302078	4.99	6.70	6.01	0
1787302083	4.75	6.63	5.98	0
1787302088	4.53	6.55	5.96	0
1787302093	4.81	6.57	5.97	0
1787302098	5.55	6.70	6.02	0
1787302103	5.74	6.72	6.03	0
1787302108	6.08	6.77	6.05	0
1787302113	6.40	6.83	6.07	0
1787302118	6.61	6.86	6.09	0
1787302123	6.96	6.93	6.11	0
1787302128	7.60	7.07	6.16	0
1787302133	7.88	7.13	6.19	0
1787302138	7.65	7.10	6.18	0
1787302143	7.83	7.14	6.20	0
1787302148	7.45	7.08	6.18	0
1787302153	7.01	6.99	6.16	0
1787302158	7.01	6.99	6.17	0
1787302163	7.09	7.01	6.18	0
1787302168	6.68	6.93	6.15	0
1787302173	6.63	6.91	6.15	0
1787302178	6.26	6.83	6.13	0
1787302183	6.00	6.76	6.11	0
1787302188	5.67	6.68	6.09	0
1787302193	5.38	6.61	6.07	0
1787302198	5.19	6.55	6.05	0
1787302203	5.01	6.49	6.04	0
1787302208	5.41	6.55	6.06	0
1787302213	6.10	6.67	6.10	0
1787302218	6.89	6.83	6.15	0
1787302223	6.58	6.76	6.14	0
1787302228	6.78	6.80	6.15	0
1787302233	7.51	6.95	6.20	0
1787302238	7.63	6.99	6.22	0
1787302243	7.74	7.02	6.24	0
1787302248	7.84	7.05	6.25	0
1787302253	7.30	6.95	6.22	0
1787302258	7.11	6.92	6.22	0
1787302263	6.78	6.85	6.20	0
1787302268	7.52	7.01	6.25	0
1787302273	7.40	6.99	6.25	0
1787302278	7.53	7.02	6.26	0
1787302283	7.97	7.12	6.30	0
1787302288	7.49	7.04	6.28	0
1787302293	7.61	7.07	6.29	0
1787302298	7.32	7.02	6.28	0
1787302303	6.89	6.93	6.26	0
1787302308	7.14	6.99	6.28	0
1787302313	6.73	6.90	6.25	0
1787302318	6.35	6.82	6.23	0
1787302323	7.12	6.97	6.28	0
1787302328	7.28	7.01	6.30	0
1787302333	6.85	6.92	6.27	0
1787302338	7.02	6.96	6.29	0
1787302343	7.18	6.99	6.30	0
1787302348	7.33	7.03	6.32	0
1787302353	7.46	7.06	6.33	0
1787302359	7.59	7.09	6.35	0
1787302364	7.22	7.02	6.33	0
1787302369	7.44	7.07	6.35	0
1787302374	7.17	7.02	6.34	0
1787302379	7.31	7.06	6.35	0
1787302384	7.37	7.07	6.36	0
1787302389	6.94	6.99	6.34	0
1787302394	7.10	7.02	6.35	0
1787302399	7.50	7.10	6.38	0
1787302404	6.98	7.00	6.35	0
1787302409	6.50	6.90	6.32	0
1787302414	6.06	6.80	6.30	0
1787302419	5.89	6.76	6.28	0
1787302424	6.14	6.80	6.30	0
1787302429	5.81	6.72	6.27	0
1787302434	5.98	6.74	6.28	0
1787302439	5.58	6.64	6.25	3
1787302444	5.30	6.56	6.23	3
1787302449	5.67	6.62	6.25	3
1787302454	5.38	6.54	6.23	3
1787302459	5.11	6.47	6.21	3
1787302464	4.86	6.39	6.18	3
1787302469	4.79	6.35	6.17	3
1787302474	4.49	6.26	6.14	4
1787302479	4.21	6.18	6.12	4
1787302484	4.83	6.27	6.15	4
1787302489	5.09	6.30	6.16	4
1787302494	5.40	6.35	6.17	4
1787302499	5.13	6.28	6.15	0
1787302504	4.96	6.22	6.13	0
1787302509	4.80	6.17	6.12	0
1787302514	5.78	6.35	6.17	0
1787302519	5.87	6.36	6.18	0
1787302524	5.72	6.32	6.17	0
1787302529	5.35	6.23	6.14	0
1787302534	5.00	6.14	6.11	0
1787302539	4.76	6.07	6.09	0
1787302544	4.86	6.07	6.09	0
1787302549	4.71	6.02	6.07	0
1787302554	4.81	6.02	6.07	1
1787302559	7.31	6.52	6.23	0
1787302564	6.96	6.46	6.22	0
1787302569	7.13	6.50	6.23	0
1787302574	7.04	6.49	6.23	0
1787302579	6.65	6.43	6.21	0
1787302584	6.44	6.39	6.20	0
1787302589	6.32	6.36	6.19	0
1787302594	6.14	6.33	6.18	0
1787302599	6.04	6.30	6.17	0
1787302604	6.04	6.30	6.17	0
1787302609	5.96	6.28	6.17	0
1787302614	6.04	6.29	6.17	0
1787302619	5.88	6.25	6.16	0
1787302624	5.73	6.21	6.15	0
1787302629	5.51	6.16	6.13	0
1787302634	5.31	6.11	6.11	0
1787302639	5.76	6.19	6.14	0
1787302644	6.10	6.25	6.16	0
1787302649	6.41	6.31	6.18	0
1787302654	6.14	6.26	6.16	0
1787302659	5.97	6.22	6.15	0
1787302664	6.53	6.33	6.19	0
1787302669	6.65	6.36	6.20	0
1787302674	6.60	6.35	6.20	0
1787302679	6.55	6.35	6.20	0
1787302684	6.75	6.39	6.21	0
1787302689	7.25	6.50	6.25	0
1787302694	7.63	6.59	6.28	0
1787302699	7.82	6.65	6.30	0
1787302705	7.83	6.67	6.31	0
1787302710	8.41	6.81	6.36	0
1787302715	8.70	6.90	6.39	0
1787302720	8.40	6.87	6.38	0
1787302725	8.13	6.83	6.37	0
1787302730	8.28	6.89	6.39	0
1787302735	8.01	6.86	6.38	0
1787302740	7.77	6.82	6.37	0
1787302745	7.47	6.78	6.36	0
1787302750	7.51	6.80	6.37	3
1787302755	7.71	6.85	6.39	3
1787302760	7.49	6.82	6.38	3
1787302765	7.78	6.89	6.41	3
1787302770	7.63	6.87	6.40	0
1787302775	7.90	6.94	6.43	2
1787302780	7.67	6.91	6.42	2
1787302785	7.94	6.98	6.45	2
1787302790	8.26	7.06	6.48	2
1787302795	9.12	7.26	6.54	2
1787302800	8.95	7.26	6.55	2
1787302805	8.47	7.19	6.53	2
1787302810	7.96	7.10	6.50	3
1787302815	7.40	7.00	6.47	0
1787302820	6.89	6.90	6.44	0
1787302825	6.41	6.80	6.41	0
1787302830	6.38	6.79	6.41	0
1787302835	7.31	6.97	6.47	0
1787302840	6.97	6.91	6.46	0
1787302845	6.81	6.87	6.45	0
1787302850	6.66	6.84	6.44	4
1787302855	6.85	6.88	6.45	4
1787302860	6.86	6.88	6.46	4
1787302865	6.79	6.87	6.45	4
1787302870	6.41	6.79	6.43	0
1787302875	6.38	6.77	6.43	3
1787302880	6.35	6.76	6.43	3
1787302885	7.20	6.93	6.48	3
1787302890	7.02	6.90	6.47	3
1787302895	9.34	7.38	6.63	3
1787302900	11.88	7.94	6.82	0
1787302905	11.57	7.94	6.82	0
1787302910	11.52	7.99	6.85	0
1787302915	12.92	8.34	6.97	0
1787302920	12.21	8.27	6.95	0
1787302925	11.39	8.16	6.92	0
1787302930	10.72	8.08	6.90	0
1787302935	10.02	7.98	6.88	0
1787302940	9.38	7.88	6.85	0
1787302945	10.07	8.05	6.91	0
1787302950	10.30	8.13	6.94	0
1787302955	11.40	8.39	7.03	0
1787302960	11.45	8.45	7.06	0
1787302965	11.41	8.50	7.08	0
1787302971	12.58	8.79	7.18	0
1787302976	11.97	8.72	7.17	0
1787302981	11.49	8.68	7.17	0
1787302986	11.37	8.70	7.18	0
1787302991	11.26	8.72	7.20	0
1787302996	11.56	8.83	7.24	0
1787303001	14.16	9.41	7.44	0
1787303006	13.83	9.42	7.45	0
1787303011	13.84	9.50	7.49	0
1787303016	18.42	10.52	7.83	0
1787303021	21.19	11.22	8.07	0
1787303026	24.54	12.08	8.37	0
1787303031	28.98	13.21	8.75	0
1787303036	30.66	13.82	8.97	0
1787303041	33.01	14.59	9.25	0
1787303046	31.65	14.61	9.28	0
1787303051	30.72	14.70	9.34	0
1787303056	30.02	14.82	9.41	0
1787303061	28.33	14.73	9.41	0
1787303066	27.03	14.68	9.42	0
1787303071	26.06	14.69	9.45	0
1787303076	27.50	15.17	9.64	0
1787303081	26.66	15.20	9.68	0
1787303086	25.64	15.18	9.70	0
1787303091	24.47	15.12	9.71	0
1787303096	22.91	14.95	9.68	3
1787303101	21.40	14.77	9.65	3
1787303106	20.24	14.64	9.64	0
1787303111	18.86	14.44	9.60	0
1787303116	17.51	14.24	9.56	0
1787303121	16.91	14.16	9.56	0
1787303126	20.20	14.89	9.82	4
1787303131	20.02	14.94	9.87	0
1787303136	19.38	14.89	9.88	0
1787303141	18.15	14.71	9.85	0
1787303146	16.94	14.52	9.81	0
1787303151	15.82	14.33	9.77	0
1787303156	15.03	14.19	9.75	0
1787303161	14.31	14.05	9.73	0
1787303166	13.40	13.87	9.69	0
1787303171	12.73	13.72	9.67	0
1787303176	11.95	13.54	9.63	0
1787303182	11.47	13.42	9.61	0
1787303187	10.88	13.26	9.58	0
1787303192	10.81	13.21	9.59	0
1787303197	10.74	13.15	9.59	0
1787303202	10.52	13.07	9.58	0
1787303207	9.92	12.90	9.54	0
1787303212	9.36	12.74	9.51	0
1787303217	9.58	12.72	9.52	0
1787303222	9.61	12.68	9.53	0
1787303227	9.32	12.57	9.51	0
1787303232	8.89	12.42	9.48	0
1787303237	8.98	12.38	9.48	0
1787303242	9.06	12.34	9.48	0
1787303247	9.70	12.42	9.52	0
1787303252	10.29	12.50	9.56	0
1787303257	10.26	12.45	9.57	0
1787303262	10.48	12.46	9.58	0
1787303267	10.68	12.47	9.60	3
1787303272	10.47	12.40	9.59	0
1787303277	14.03	13.11	9.84	0
1787303282	14.43	13.20	9.89	0
1787303287	13.68	13.07	9.86	0
1787303292	13.22	12.98	9.85	0
1787303297	12.48	12.83	9.82	0
1787303302	12.44	12.82	9.83	1
1787303307	11.85	12.69	9.80	1
1787303312	11.22	12.55	9.77	1
1787303317	10.64	12.40	9.74	1
1787303322	10.67	12.38	9.75	1
1787303327	10.30	12.27	9.73	1
1787303332	9.95	12.17	9.71	1
1787303337	9.55	12.05	9.68	2
1787303342	9.19	11.93	9.66	2
1787303347	8.85	11.82	9.63	2
1787303352	8.54	11.70	9.61	2
1787303357	8.34	11.61	9.59	2
1787303362	7.99	11.48	9.56	1
1787303367	7.67	11.36	9.53	1
1787303372	7.78	11.32	9.52	1
1787303377	7.40	11.18	9.49	1
1787303382	7.04	11.05	9.45	1
1787303387	7.28	11.03	9.46	1
1787303392	6.86	10.88	9.42	1
1787303397	7.11	10.86	9.42	2
1787303402	7.34	10.85	9.42	2
1787303407	7.63	10.85	9.43	2
1787303412	7.26	10.72	9.40	2
1787303417	6.84	10.58	9.36	2
1787303422	6.53	10.45	9.32	1
1787303427	6.73	10.43	9.32	1
1787303432	6.27	10.27	9.28	1
1787303437	6.65	10.28	9.29	1
1787303442	6.28	10.14	9.25	1
1787303447	5.94	10.01	9.21	1
1787303452	5.94	9.94	9.19	1
1787303457	5.95	9.88	9.17	1
1787303462	6.19	9.86	9.17	2
1787303467	6.42	9.85	9.17	2
1787303472	6.22	9.75	9.14	2
1787303477	6.20	9.69	9.12	2
1787303482	6.91	9.77	9.16	0
1787303487	8.04	9.96	9.22	0
1787303492	8.43	10.01	9.24	0
1787303497	8.16	9.93	9.22	0
1787303502	8.63	10.00	9.24	0
1787303508	11.54	10.58	9.44	0
1787303513	12.06	10.70	9.48	0
1787303518	12.21	10.76	9.51	0
1787303523	13.56	11.06	9.61	0
1787303528	12.87	10.96	9.59	0
1787303533	12.16	10.84	9.56	0
1787303538	12.23	10.88	9.58	0
1787303543	12.61	10.98	9.62	0
1787303548	11.84	10.85	9.58	0
1787303553	11.21	10.73	9.55	0
1787303558	10.64	10.62	9.52	0
1787303563	10.50	10.60	9.52	0
1787303568	9.98	10.49	9.49	0
1787303573	9.82	10.44	9.48	0
1787303578	9.92	10.45	9.49	0
1787303583	10.33	10.53	9.52	0
1787303588	9.82	10.42	9.49	0
1787303593	10.79	10.61	9.55	0
1787303598	10.81	10.62	9.56	0
1787303603	11.07	10.68	9.59	0
1787303608	11.62	10.80	9.63	0
1787303613	12.05	10.90	9.67	0
1787303618	12.13	10.94	9.69	0
1787303623	12.92	11.12	9.76	0
1787303628	13.25	11.22	9.79	0
1787303633	13.47	11.30	9.83	0
1787303638	13.75	11.39	9.87	0
1787303643	13.45	11.37	9.87	0
1787303648	13.33	11.38	9.88	0
1787303653	13.07	11.36	9.88	0
1787303658	13.06	11.38	9.90	0
1787303663	12.41	11.28	9.87	0
1787303668	11.82	11.17	9.85	0
1787303673	11.67	11.15	9.85	0
1787303678	11.70	11.17	9.86	0
1787303683	11.32	11.10	9.84	0
1787303688	10.74	10.98	9.81	0
1787303693	10.60	10.95	9.81	0
1787303698	11.75	11.18	9.89	0
1787303703	11.77	11.19	9.90	0
1787303708	11.23	11.09	9.87	0
1787303713	11.85	11.22	9.92	0
1787303718	11.86	11.24	9.93	0
1787303723	11.55	11.18	9.92	0
1787303728	11.75	11.23	9.95	0
1787303733	11.13	11.11	9.91	0
1787303738	11.28	11.14	9.93	0
1787303743	12.14	11.32	9.99	0
1787303748	12.69	11.45	10.04	0
1787303753	11.99	11.32	10.01	0
1787303758	12.39	11.42	10.05	0
1787303763	13.00	11.56	10.10	0
1787303768	13.00	11.59	10.12	0
1787303773	14.12	11.84	10.21	0
1787303778	14.27	11.91	10.24	0
1787303783	13.77	11.85	10.23	0
1787303788	13.15	11.75	10.20	0
1787303793	12.34	11.60	10.17	0
1787303798	12.55	11.66	10.19	0
1787303803	12.59	11.68	10.21	0
1787303808	12.14	11.60	10.19	0
1787303813	11.57	11.49	10.16	0
1787303819	12.24	11.64	10.21	0
1787303824	12.70	11.74	10.26	0
1787303829	12.33	11.68	10.24	0
1787303834	11.90	11.60	10.23	0
1787303839	12.15	11.66	10.25	0
1787303844	11.58	11.55	10.22	0
1787303849	11.37	11.50	10.22	0
1787303854	11.02	11.43	10.20	0
1787303859	10.78	11.37	10.19	0
1787303864	10.31	11.27	10.16	0
1787303869	10.29	11.25	10.16	0
1787303874	9.70	11.11	10.12	0
1787303879	9.17	10.97	10.08	0
1787303884	8.67	10.84	10.04	0
1787303889	8.22	10.71	10.00	0
1787303894	8.92	10.81	10.04	0
1787303899	8.53	10.70	10.01	3
1787303904	8.40	10.64	9.99	3
1787303909	8.85	10.70	10.02	3
1787303914	8.54	10.60	9.99	3
1787303919	8.18	10.49	9.96	0
1787303924	8.33	10.48	9.96	2
1787303929	8.06	10.39	9.93	2
1787303934	7.89	10.32	9.91	2
1787303939	7.66	10.23	9.88	2
1787303944	7.61	10.18	9.87	2
1787303949	7.88	10.19	9.87	2
1787303954	7.65	10.10	9.85	2
1787303959	7.92	10.12	9.85	2
1787303964	8.41	10.18	9.87	3
1787303969	9.90	10.46	9.97	3
1787303974	10.62	10.60	10.02	3
1787303979	12.66	11.03	10.16	3
1787303984	14.13	11.36	10.27	0
1787303989	15.40	11.67	10.37	0
1787303994	16.73	12.01	10.49	0
1787303999	15.63	11.86	10.45	0
1787304004	14.70	11.73	10.41	0
1787304009	14.96	11.83	10.46	0
1787304014	15.45	11.98	10.51	1
1787304019	18.77	12.73	10.76	0
1787304024	21.43	13.38	10.98	0
1787304029	23.40	13.92	11.17	0
1787304034	25.18	14.62	11.43	0
1787304039	23.49	14.44	11.39	0
1787304045	21.93	14.27	11.35	0
1787304050	21.05	14.21	11.35	0
1787304055	20.65	14.24	11.37	0
1787304060	19.87	14.19	11.37	0
1787304065	18.84	14.07	11.35	0
1787304070	18.37	14.05	11.35	0
1787304075	17.46	13.93	11.33	0
1787304080	16.95	13.89	11.33	0
1787304085	15.91	13.72	11.29	0
1787304090	15.60	13.69	11.29	0
1787304095	15.39	13.68	11.30	0
1787304100	15.12	13.65	11.31	0
1787304105	14.47	13.54	11.28	0
1787304110	13.71	13.40	11.25	0
1787304115	13.09	13.28	11.22	0
1787304120	12.36	13.12	11.18	0
1787304125	12.01	13.04	11.16	2
1787304130	11.45	12.90	11.13	2
1787304135	11.49	12.89	11.14	2
1787304140	11.05	12.77	11.11	2
1787304145	11.05	12.74	11.11	2
1787304150	11.13	12.73	11.11	2
1787304155	11.28	12.73	11.12	2
1787304160	11.89	12.84	11.16	2
1787304165	12.06	12.86	11.18	3
1787304170	12.62	12.96	11.22	3
1787304175	12.57	12.94	11.23	3
1787304180	12.12	12.85	11.20	3
1787304185	11.55	12.72	11.17	0
1787304190	12.07	12.80	11.21	2
1787304195	11.50	12.67	11.17	2
1787304200	11.54	12.66	11.18	2
1787304205	11.02	12.53	11.15	2
1787304210	10.54	12.41	11.11	2
1787304215	10.57	12.39	11.11	2
1787304220	10.13	12.26	11.08	2
1787304225	9.88	12.18	11.06	2
1787304230	10.69	12.31	11.10	3
1787304235	10.87	12.32	11.12	3
1787304240	10.40	12.20	11.08	3
1787304245	10.61	12.21	11.09	3
1787304250	10.96	12.26	11.11	0
1787304255	10.48	12.14	11.08	0
1787304260	10.37	12.08	11.07	0
1787304265	10.10	12.00	11.05	0
1787304270	9.61	11.87	11.01	0
1787304275	9.72	11.85	11.01	0
1787304280	9.82	11.84	11.01	0
1787304285	10.48	11.94	11.05	0
1787304290	9.96	11.81	11.01	0
1787304295	9.48	11.68	10.97	0
1787304300	9.52	11.65	10.96	0
1787304305	9.00	11.51	10.92	0
1787304310	9.08	11.48	10.92	0
1787304315	8.59	11.34	10.87	0
1787304320	8.95	11.37	10.88	0
1787304325	10.71	11.69	10.99	0
1787304330	10.82	11.70	11.00	0
1787304335	11.15	11.75	11.02	0
1787304340	10.58	11.62	10.98	0
1787304345	11.01	11.70	11.01	0
1787304351	11.25	11.74	11.03	0
1787304356	11.55	11.79	11.05	0
1787304361	11.75	11.83	11.06	0
1787304366	11.77	11.83	11.07	0
1787304371	12.35	11.95	11.11	0
1787304376	11.84	11.85	11.08	0
1787304381	11.53	11.79	11.07	0
1787304386	11.41	11.76	11.06	0
1787304391	10.74	11.61	11.02	0
1787304396	10.20	11.48	10.98	0
1787304401	9.70	11.36	10.94	0
1787304406	10.44	11.49	10.99	0
1787304411	10.41	11.46	10.98	0
1787304416	10.78	11.52	11.00	0
1787304421	11.68	11.70	11.06	0
1787304426	11.14	11.58	11.03	0
1787304431	10.65	11.47	11.00	0
1787304436	11.24	11.58	11.03	0
1787304441	11.38	11.61	11.05	0
1787304446	11.51	11.63	11.06	0
1787304451	11.63	11.65	11.07	0
1787304456	11.58	11.64	11.07	0
1787304461	11.69	11.66	11.08	0
1787304466	11.00	11.52	11.03	0
1787304471	10.68	11.45	11.01	0
1787304476	11.02	11.50	11.03	0
1787304481	10.62	11.41	11.01	0
1787304486	10.17	11.31	10.97	0
1787304491	9.68	11.18	10.94	0
1787304496	9.14	11.05	10.89	0
1787304501	10.81	11.36	11.00	0
1787304506	10.83	11.36	11.00	0
1787304511	11.32	11.45	11.03	0
1787304516	12.02	11.59	11.08	0
1787304521	11.37	11.47	11.04	0
1787304526	11.34	11.46	11.04	0
1787304531	10.84	11.35	11.01	0
1787304536	10.69	11.31	10.99	0
1787304541	10.23	11.21	10.96	0
1787304546	10.13	11.17	10.95	0
1787304551	9.64	11.05	10.91	0
1787304556	9.83	11.07	10.92	0
1787304561	9.20	10.92	10.87	0
1787304566	8.63	10.77	10.82	0
1787304571	8.66	10.74	10.81	0
1787304576	9.25	10.83	10.84	0
1787304581	8.74	10.69	10.80	0
1787304586	8.20	10.55	10.75	0
1787304591	8.27	10.52	10.74	0
1787304596	8.57	10.55	10.75	0
1787304601	8.04	10.41	10.70	0
1787304606	7.56	10.27	10.65	0
1787304611	7.03	10.11	10.60	0
1787304616	6.71	10.00	10.56	0
1787304621	6.81	9.96	10.55	0
1787304626	6.75	9.90	10.52	0
1787304631	6.45	9.78	10.48	0
1787304636	6.65	9.77	10.47	0
1787304641	7.00	9.79	10.48	0
1787304646	6.92	9.73	10.45	0
1787304651	7.17	9.73	10.45	0
1787304656	6.99	9.65	10.42	0
1787304661	6.59	9.52	10.37	0
1787304666	6.46	9.45	10.35	0
1787304671	6.11	9.33	10.30	0
1787304676	6.66	9.39	10.32	0
1787304682	6.69	9.35	10.30	0
1787304687	6.31	9.22	10.25	0
1787304692	6.61	9.24	10.25	0
1787304697	6.80	9.23	10.24	0
1787304702	7.14	9.26	10.25	0
1787304707	7.44	9.29	10.25	0
1787304712	7.17	9.20	10.22	0
1787304717	7.16	9.17	10.20	0
1787304722	7.94	9.30	10.24	0
1787304727	7.55	9.19	10.20	0
1787304732	7.58	9.17	10.19	0
1787304737	7.22	9.07	10.15	0
1787304742	7.36	9.07	10.14	0
1787304747	6.93	8.95	10.10	0
1787304752	6.94	8.92	10.08	0
1787304757	6.78	8.85	10.05	0
1787304762	6.40	8.74	10.01	0
1787304767	6.29	8.68	9.98	0
1787304772	6.02	8.58	9.94	0
1787304777	6.26	8.59	9.94	0
1787304782	6.48	8.60	9.93	0
1787304787	6.12	8.49	9.89	0
1787304792	5.79	8.38	9.85	0
1787304797	6.77	8.54	9.89	0
1787304802	7.59	8.68	9.93	0
1787304807	7.22	8.58	9.89	0
1787304812	7.36	8.59	9.89	0
1787304817	6.93	8.48	9.85	0
1787304822	6.78	8.42	9.82	0
1787304827	6.80	8.40	9.80	0
1787304832	6.97	8.41	9.80	0
1787304837	7.30	8.45	9.81	0
1787304842	7.19	8.41	9.79	0
1787304847	6.94	8.34	9.75	0
1787304852	7.02	8.33	9.75	0
1787304857	6.62	8.23	9.70	0
1787304862	6.25	8.12	9.66	0
1787304867	5.91	8.02	9.62	0
1787304872	5.60	7.92	9.58	0
1787304877	5.79	7.92	9.57	0
1787304882	5.64	7.86	9.54	0
1787304887	5.99	7.89	9.54	0
1787304892	5.75	7.81	9.51	0
1787304897	6.57	7.95	9.54	0
1787304902	6.29	7.87	9.51	0
1787304907	6.83	7.95	9.53	0
1787304912	6.44	7.85	9.49	0
1787304917	6.64	7.87	9.48	0
1787304922	7.07	7.94	9.50	0
1787304927	6.67	7.84	9.46	0
1787304932	6.29	7.74	9.42	0
1787304937	6.19	7.70	9.39	0
1787304942	6.17	7.67	9.37	0
1787304947	5.84	7.58	9.33	0
1787304952	6.33	7.65	9.35	0
1787304957	6.63	7.69	9.35	0
1787304962	7.54	7.86	9.40	0
1787304967	7.90	7.93	9.41	0
1787304972	7.42	7.83	9.37	0
1787304977	7.71	7.88	9.38	0
1787304982	8.13	7.97	9.40	0
1787304987	7.64	7.87	9.36	0
1787304992	7.67	7.87	9.35	0
1787304997	7.22	7.77	9.31	0
1787305002	7.12	7.74	9.30	0
1787305008	7.27	7.77	9.29	0
1787305013	7.33	7.77	9.29	0
1787305018	6.98	7.69	9.25	0
1787305023	6.58	7.59	9.21	0
1787305028	6.22	7.50	9.17	0
1787305033	6.60	7.56	9.18	0
1787305038	6.71	7.57	9.18	0
1787305043	7.37	7.69	9.21	0
1787305048	7.51	7.71	9.21	0
1787305053	7.63	7.73	9.21	0
1787305058	7.33	7.67	9.18	0
1787305063	7.47	7.69	9.18	0
1787305068	7.03	7.60	9.14	0
1787305073	7.43	7.67	9.15	0
1787305078	7.63	7.71	9.16	0
1787305083	7.34	7.65	9.13	0
1787305088	6.91	7.56	9.09	0
1787305093	6.60	7.48	9.06	0
1787305098	6.79	7.51	9.06	0
1787305103	6.97	7.53	9.06	0
1787305108	6.57	7.44	9.02	0
1787305113	6.61	7.43	9.01	0
1787305118	6.32	7.36	8.98	0
1787305123	7.25	7.53	9.03	0
1787305128	7.71	7.62	9.05	0
1787305133	7.82	7.65	9.05	0
1787305138	7.35	7.55	9.01	0
1787305143	8.12	7.71	9.05	0
1787305148	8.75	7.85	9.09	0
1787305153	8.29	7.77	9.06	0
1787305158	8.43	7.80	9.06	0
1787305163	8.56	7.84	9.07	0
1787305168	13.96	8.97	9.43	0
1787305173	14.28	9.12	9.47	0
1787305178	13.54	9.05	9.45	0
1787305183	12.69	8.95	9.41	0
1787305188	12.24	8.92	9.40	0
1787305193	11.50	8.82	9.37	0
1787305198	10.98	8.76	9.34	0
1787305203	10.34	8.66	9.31	0
1787305208	9.83	8.59	9.28	0
1787305213	9.28	8.49	9.25	0
1787305218	8.78	8.40	9.21	0
1787305223	8.64	8.38	9.20	0
1787305228	8.18	8.29	9.17	0
1787305233	8.33	8.32	9.17	0
1787305238	8.46	8.35	9.18	0
1787305243	8.03	8.26	9.14	0
1787305248	7.62	8.17	9.11	0
1787305253	7.25	8.08	9.08	0
1787305258	6.99	8.02	9.05	0
1787305263	6.67	7.93	9.02	0
1787305268	7.02	7.98	9.03	0
1787305273	7.26	8.02	9.03	0
1787305278	7.00	7.95	9.00	0
1787305283	6.92	7.92	8.99	0
1787305288	6.60	7.84	8.96	0
1787305293	6.79	7.85	8.96	0
1787305298	7.05	7.89	8.96	0
1787305303	7.37	7.94	8.97	0
1787305308	7.58	7.98	8.98	0
1787305313	7.77	8.01	8.99	0
1787305318	8.03	8.06	9.00	0
1787305323	8.19	8.09	9.00	0
1787305329	7.85	8.02	8.97	0
1787305334	7.62	7.97	8.95	0
1787305339	7.25	7.89	8.92	0
1787305344	6.99	7.83	8.89	0
1787305349	7.23	7.86	8.90	0
1787305354	6.90	7.78	8.87	0
1787305359	6.66	7.72	8.84	0
1787305364	6.37	7.64	8.81	0
1787305369	6.74	7.70	8.82	0
1787305374	6.44	7.62	8.79	0
1787305379	6.17	7.54	8.76	0
1787305384	6.23	7.53	8.75	0
1787305389	5.97	7.46	8.72	0
1787305394	5.73	7.38	8.69	0
1787305399	5.60	7.33	8.66	0
1787305404	5.95	7.37	8.67	0
1787305409	5.71	7.30	8.64	0
1787305414	5.50	7.22	8.61	0
1787305419	5.21	7.14	8.57	0
1787305424	4.96	7.05	8.54	0
1787305429	4.80	6.99	8.51	0
1787305434	4.58	6.90	8.47	0
1787305439	4.93	6.94	8.48	0
1787305444	5.42	7.01	8.49	0
1787305449	5.14	6.92	8.45	0
1787305454	5.69	7.01	8.47	0
1787305459	6.04	7.06	8.48	0
1787305464	6.27	7.09	8.48	0
1787305469	6.49	7.12	8.49	0
1787305474	6.29	7.07	8.46	0
1787305479	5.95	6.98	8.43	0
1787305484	5.79	6.93	8.40	0
1787305489	6.05	6.97	8.41	0
1787305494	5.81	6.90	8.38	0
1787305499	6.06	6.94	8.38	0
1787305504	6.22	6.96	8.38	0
1787305509	6.52	7.01	8.39	0
1787305514	6.56	7.01	8.38	0
1787305519	6.19	6.92	8.35	0
1787305524	5.86	6.84	8.31	0
1787305529	6.11	6.88	8.32	0
1787305534	6.02	6.85	8.30	0
1787305539	5.70	6.77	8.26	0
1787305544	5.48	6.70	8.23	0
1787305549	5.36	6.66	8.21	0
1787305554	5.09	6.58	8.18	0
1787305559	5.01	6.54	8.16	0
1787305564	4.76	6.46	8.12	0
1787305569	5.18	6.52	8.13	0
1787305574	5.73	6.61	8.15	0
1787305579	6.23	6.70	8.17	0
1787305584	5.89	6.62	8.14	0
1787305589	5.74	6.58	8.12	0
1787305594	5.44	6.50	8.09	0
1787305599	5.89	6.58	8.10	0
1787305604	6.14	6.62	8.11	0
1787305609	5.96	6.57	8.08	0
1787305614	5.97	6.56	8.07	0
1787305619	6.37	6.64	8.09	0
1787305624	6.58	6.68	8.09	0
1787305629	7.82	6.93	8.17	0
1787305634	10.15	7.43	8.32	0
1787305639	9.74	7.39	8.31	0
1787305644	9.20	7.32	8.28	1
1787305650	12.95	8.13	8.53	0
1787305655	14.39	8.51	8.66	0
1787305660	14.20	8.56	8.67	0
1787305665	13.63	8.54	8.66	0
1787305670	12.85	8.46	8.64	0
1787305675	12.07	8.37	8.61	0
1787305680	11.34	8.28	8.58	0
1787305685	10.67	8.19	8.55	0
1787305690	10.30	8.16	8.53	0
1787305695	10.67	8.27	8.57	0
1787305700	10.06	8.18	8.54	0
1787305705	9.65	8.13	8.52	0
1787305710	9.60	8.14	8.52	0
1787305715	9.63	8.18	8.53	0
1787305720	9.18	8.11	8.51	0
1787305725	9.01	8.09	8.50	0
1787305730	8.53	8.00	8.47	0
1787305735	8.32	7.97	8.45	0
1787305740	8.58	8.04	8.47	0
1787305745	8.69	8.07	8.48	0
1787305750	8.88	8.12	8.49	0
1787305755	8.73	8.10	8.48	0
1787305760	8.99	8.16	8.50	0
1787305765	8.67	8.11	8.48	0
1787305770	8.22	8.03	8.45	0
1787305775	8.28	8.04	8.46	0
1787305780	7.86	7.96	8.43	0
1787305785	7.63	7.91	8.41	0
1787305790	7.26	7.83	8.38	0
1787305795	6.92	7.75	8.35	0
1787305800	7.16	7.79	8.36	0
1787305805	6.99	7.74	8.34	0
1787305810	6.91	7.71	8.33	0
1787305815	7.00	7.71	8.33	0
1787305820	7.24	7.75	8.34	0
1787305825	7.54	7.81	8.35	0
1787305830	7.18	7.73	8.32	0
1787305835	6.84	7.65	8.29	0
1787305840	6.53	7.57	8.27	0
1787305845	6.25	7.49	8.24	0
1787305850	6.15	7.45	8.22	0
1787305855	5.90	7.38	8.19	0
1787305860	5.66	7.31	8.16	0
1787305865	5.53	7.25	8.14	0
1787305870	5.81	7.28	8.14	0
1787305875	6.31	7.36	8.17	0
1787305880	6.28	7.34	8.15	0
1787305885	6.18	7.30	8.14	0
1787305890	6.16	7.27	8.13	0
1787305895	5.99	7.22	8.10	0
1787305900	5.83	7.17	8.08	0
1787305905	5.92	7.16	8.07	0
1787305910	5.69	7.09	8.05	0
1787305915	5.55	7.04	8.03	0
1787305920	5.99	7.11	8.04	0
1787305925	5.99	7.09	8.03	0
1787305930	5.83	7.04	8.01	0
1787305935	5.93	7.04	8.00	0
1787305940	6.57	7.15	8.03	0
1787305945	7.09	7.25	8.06	0
1787305950	6.84	7.20	8.04	0
1787305955	7.41	7.31	8.07	0
1787305960	8.02	7.44	8.11	0
1787305965	8.50	7.55	8.14	0
1787305971	9.10	7.69	8.18	0
1787305976	10.37	7.97	8.27	0
1787305981	11.55	8.26	8.36	0
1787305986	11.42	8.29	8.37	0
1787305991	11.07	8.27	8.36	0
1787305996	11.14	8.33	8.38	0
1787306001	10.97	8.34	8.39	0
1787306006	10.41	8.27	8.36	0
1787306011	10.30	8.28	8.37	0
1787306016	10.19	8.29	8.37	0
1787306021	10.26	8.34	8.38	0
1787306026	10.16	8.35	8.39	0
1787306031	9.66	8.27	8.36	0
1787306036	9.05	8.17	8.33	0
1787306041	8.57	8.08	8.30	0
1787306046	8.60	8.10	8.30	0
1787306051	8.31	8.05	8.29	0
1787306056	8.13	8.01	8.27	0
1787306061	8.04	8.00	8.27	0
1787306066	9.88	8.38	8.39	0
1787306071	9.81	8.39	8.39	0
1787306076	10.38	8.53	8.44	0
1787306081	10.67	8.62	8.47	0
1787306086	13.82	9.31	8.69	0
1787306091	15.68	9.77	8.84	0
1787306096	19.31	10.62	9.12	0
1787306101	22.33	11.39	9.38	0
1787306106	21.74	11.45	9.41	0
1787306111	22.00	11.68	9.50	0
1787306116	21.20	11.68	9.51	0
1787306121	20.46	11.69	9.52	0
1787306126	19.86	11.71	9.54	0
1787306131	19.88	11.85	9.60	0
1787306136	22.29	12.48	9.82	0
1787306141	23.07	12.81	9.94	0
1787306146	22.66	12.89	9.98	0
1787306151	21.25	12.76	9.95	0
1787306156	20.26	12.70	9.95	0
1787306161	19.12	12.59	9.93	0
1787306166	17.91	12.44	9.89	0
1787306171	17.60	12.47	9.92	0
1787306176	17.07	12.45	9.92	0
1787306181	16.10	12.32	9.90	0
1787306186	15.77	12.32	9.91	0
1787306191	15.07	12.23	9.89	0
1787306196	14.74	12.21	9.90	0
1787306201	14.20	12.14	9.89	0
1787306206	14.19	12.17	9.91	0
1787306212	13.69	12.10	9.90	0
1787306217	13.56	12.10	9.91	0
1787306222	13.19	12.04	9.91	0
1787306227	13.02	12.03	9.91	0
1787306232	12.53	11.94	9.90	0
1787306237	12.33	11.91	9.90	0
1787306242	12.06	11.86	9.89	0
1787306247	13.50	12.16	10.00	0
1787306252	13.70	12.23	10.03	0
1787306257	14.20	12.36	10.09	0
1787306262	14.35	12.42	10.12	0
1787306267	14.40	12.46	10.14	0
1787306272	14.05	12.42	10.14	0
1787306277	13.32	12.30	10.12	0
1787306282	13.78	12.41	10.16	0
1787306287	13.96	12.47	10.20	0
1787306292	13.56	12.41	10.19	0
1787306297	14.80	12.69	10.29	0
1787306302	14.25	12.61	10.28	0
1787306307	15.03	12.80	10.35	0
1787306312	16.07	13.05	10.45	0
1787306317	15.18	12.92	10.42	0
1787306322	14.85	12.88	10.42	0
1787306327	13.98	12.74	10.39	0
1787306332	13.66	12.69	10.38	0
1787306337	13.05	12.58	10.36	0
1787306342	12.32	12.44	10.33	0
1787306347	11.50	12.26	10.28	0
1787306352	10.66	12.08	10.23	0
1787306357	10.04	11.92	10.19	0
1787306362	9.32	11.74	10.14	0
1787306367	9.61	11.76	10.16	0
1787306372	9.64	11.73	10.16	0
1787306377	9.19	11.61	10.12	0
1787306382	8.86	11.50	10.09	0
1787306387	8.31	11.34	10.05	0
1787306392	7.80	11.18	10.01	0
1787306397	7.34	11.03	9.96	0
1787306402	6.91	10.88	9.92	0
1787306407	6.84	10.80	9.90	0
1787306412	6.69	10.70	9.87	0
1787306417	6.31	10.56	9.83	0
1787306422	5.97	10.42	9.79	0
1787306427	5.65	10.28	9.75	0
1787306432	6.08	10.29	9.75	0
1787306437	5.99	10.20	9.73	0
1787306442	5.59	10.05	9.68	0
1787306447	5.62	9.98	9.66	0
1787306452	5.17	9.81	9.61	3
1787306457	4.92	9.68	9.57	3
1787306462	4.61	9.54	9.52	3
1787306467	4.32	9.40	9.47	3
1787306472	4.05	9.26	9.43	0
1787306477	3.73	9.10	9.38	2
1787306482	3.59	8.99	9.34	2
1787306487	3.54	8.89	9.30	2
1787306492	3.50	8.79	9.27	2
1787306497	3.30	8.66	9.22	2
1787306503	3.11	8.53	9.18	2
1787306508	2.94	8.41	9.14	2
1787306513	2.79	8.28	9.09	2
1787306518	2.64	8.16	9.05	3
1787306523	2.83	8.11	9.03	3
1787306528	2.69	7.99	8.98	3
1787306533	2.55	7.87	8.94	3
1787306538	2.35	7.74	8.89	0
1787306543	2.24	7.63	8.85	0
1787306548	2.06	7.50	8.80	0
1787306553	2.05	7.41	8.77	0
1787306558	3.25	7.57	8.81	0
1787306563	4.35	7.73	8.85	0
1787306568	4.40	7.68	8.83	0
1787306573	4.13	7.57	8.79	0
1787306578	3.88	7.46	8.75	0
1787306583	3.89	7.40	8.72	0
1787306588	4.30	7.43	8.72	0
1787306593	4.60	7.44	8.72	0
1787306598	4.39	7.35	8.68	0
1787306603	4.60	7.34	8.68	0
1787306608	4.47	7.27	8.64	0
1787306613	4.51	7.23	8.62	0
1787306618	4.31	7.15	8.59	0
1787306623	5.97	7.44	8.68	0
1787306628	7.73	7.79	8.78	0
1787306633	8.23	7.89	8.81	0
1787306638	9.34	8.12	8.88	0
1787306643	10.75	8.44	8.98	0
1787306648	10.05	8.33	8.94	0
1787306653	9.89	8.32	8.94	0
1787306658	9.81	8.33	8.94	0
1787306663	9.35	8.26	8.91	0
1787306668	8.92	8.19	8.88	0
1787306673	8.61	8.14	8.86	0
1787306678	8.00	8.02	8.82	0
1787306683	7.76	7.97	8.80	0
1787306688	7.21	7.85	8.76	0
1787306693	7.28	7.86	8.75	0
1787306698	7.74	7.94	8.77	0
1787306703	7.44	7.88	8.75	0
1787306708	7.00	7.78	8.71	0
1787306713	6.52	7.67	8.67	0
1787306718	6.64	7.67	8.67	0
1787306723	6.19	7.56	8.62	0
1787306728	5.93	7.48	8.59	0
1787306733	5.70	7.41	8.56	0
1787306738	5.64	7.37	8.54	0
1787306743	5.75	7.36	8.54	0
1787306748	5.45	7.27	8.50	0
1787306753	5.41	7.24	8.48	0
1787306758	6.10	7.35	8.51	0
1787306763	5.93	7.29	8.49	0
1787306768	5.86	7.25	8.47	0
1787306773	5.55	7.17	8.43	0
1787306778	5.18	7.06	8.39	0
1787306783	4.85	6.96	8.35	0
1787306788	4.78	6.91	8.33	0
1787306793	4.64	6.85	8.30	0
1787306798	5.07	6.90	8.31	0
1787306803	5.30	6.92	8.31	0
1787306808	4.96	6.82	8.27	0
1787306813	4.64	6.72	8.23	0
1787306819	4.91	6.75	8.23	0
1787306824	5.16	6.77	8.23	0
1787306829	4.90	6.69	8.19	0
1787306834	5.31	6.74	8.20	0
1787306839	5.53	6.76	8.20	0
1787306844	5.16	6.67	8.16	0
1787306849	5.39	6.69	8.16	0
1787306854	5.28	6.65	8.14	0
1787306859	5.26	6.62	8.12	0
1787306864	5.16	6.57	8.10	0
1787306869	4.82	6.48	8.06	0
1787306874	4.76	6.44	8.04	0
1787306879	4.46	6.35	8.00	0
1787306884	4.66	6.36	8.00	0
1787306889	4.37	6.27	7.96	0
1787306894	4.58	6.28	7.95	0
1787306899	4.29	6.20	7.91	0
1787306904	4.51	6.21	7.91	0
1787306909	4.47	6.17	7.89	0
1787306914	4.19	6.09	7.85	0
1787306919	4.01	6.02	7.82	0
1787306924	3.85	5.95	7.79	0
1787306929	3.62	5.87	7.75	0
1787306934	3.41	5.79	7.71	0
1787306939	3.30	5.72	7.68	0
1787306944	3.12	5.65	7.65	0
1787306949	2.95	5.57	7.61	0
1787306954	2.79	5.49	7.58	0
1787306959	2.65	5.42	7.54	0
1787306964	3.08	5.46	7.54	0
1787306969	2.99	5.40	7.51	0
1787306974	2.99	5.36	7.49	0
1787306979	2.91	5.31	7.46	0
1787306984	2.92	5.27	7.43	0
1787306989	3.32	5.31	7.44	0
1787306994	3.22	5.26	7.41	0
1787306999	3.12	5.20	7.38	0
1787307004	3.91	5.33	7.41	0
1787307009	4.72	5.48	7.44	0
1787307014	4.42	5.40	7.41	0
1787307019	4.15	5.33	7.38	0
1787307024	4.46	5.38	7.38	0
1787307029	4.42	5.35	7.36	0
1787307034	4.79	5.41	7.37	0
1787307039	4.88	5.42	7.36	0
1787307044	4.65	5.37	7.33	0
1787307049	4.44	5.31	7.30	0
1787307054	4.16	5.24	7.27	0
1787307059	4.47	5.28	7.27	0
1787307064	4.67	5.31	7.27	0
1787307069	4.38	5.24	7.24	0
1787307074	4.11	5.17	7.20	0
1787307079	4.02	5.13	7.18	0
1787307084	4.34	5.18	7.19	0
1787307089	4.07	5.11	7.15	0
1787307094	3.83	5.04	7.12	0
1787307099	3.68	4.99	7.09	0
1787307104	3.46	4.93	7.06	0
1787307109	3.43	4.89	7.04	0
1787307114	3.23	4.83	7.00	0
1787307119	3.05	4.77	6.97	0
1787307124	3.53	4.84	6.98	0
1787307129	3.41	4.79	6.96	0
1787307134	3.21	4.73	6.92	0
1787307139	3.04	4.66	6.89	0
1787307144	2.95	4.62	6.86	0
1787307149	2.80	4.56	6.83	0
1787307154	2.65	4.50	6.80	0
1787307159	3.00	4.54	6.80	0
1787307165	2.92	4.50	6.78	0
1787307170	3.33	4.56	6.78	0
1787307175	3.14	4.50	6.75	0
1787307180	2.97	4.44	6.72	0
1787307185	3.37	4.50	6.73	0
1787307190	3.74	4.56	6.74	0
1787307195	3.52	4.50	6.70	0
1787307200	3.40	4.46	6.68	0
1787307205	3.21	4.40	6.65	0
1787307210	3.35	4.41	6.64	0
1787307215	3.40	4.40	6.62	0
1787307220	3.29	4.36	6.60	0
1787307225	3.19	4.32	6.57	0
1787307230	3.57	4.38	6.58	0
1787307235	3.37	4.33	6.55	0
1787307240	3.26	4.29	6.53	0
1787307245	3.56	4.33	6.53	0
1787307250	3.35	4.28	6.50	0
1787307255	3.72	4.34	6.51	0
1787307260	3.99	4.39	6.51	0
1787307265	3.75	4.33	6.48	0
1787307270	4.01	4.37	6.48	0
1787307275	4.33	4.43	6.49	0
1787307280	4.62	4.49	6.50	0
1787307285	4.41	4.45	6.48	0
1787307290	4.14	4.39	6.45	0
1787307295	4.21	4.40	6.44	0
1787307300	4.35	4.43	6.44	0
1787307305	4.08	4.37	6.41	0
1787307310	3.84	4.32	6.38	0
1787307315	4.17	4.38	6.39	0
1787307320	4.08	4.36	6.37	0
1787307325	4.15	4.37	6.36	0
1787307330	3.98	4.33	6.34	0
1787307335	3.74	4.27	6.31	0
1787307340	4.16	4.35	6.32	0
1787307345	4.07	4.33	6.30	0
1787307350	4.30	4.37	6.31	0
1787307355	4.12	4.33	6.29	0
1787307360	4.43	4.39	6.29	0
1787307365	4.72	4.45	6.30	0
1787307370	4.22	4.36	6.25	0
1787307375	4.52	4.42	6.26	0
1787307380	4.24	4.36	6.23	0
1787307385	3.98	4.30	6.20	0
1787307390	3.82	4.26	6.18	0
1787307395	3.59	4.21	6.15	0
1787307400	3.71	4.22	6.15	0
1787307405	3.57	4.19	6.12	0
1787307410	3.92	4.25	6.14	0
1787307415	3.85	4.23	6.12	0
1787307420	3.86	4.22	6.11	0
1787307425	3.63	4.17	6.08	0
1787307430	3.42	4.12	6.05	0
1787307435	3.23	4.07	6.02	0
1787307440	3.05	4.02	6.00	0
1787307445	2.88	3.96	5.97	0
1787307450	2.81	3.93	5.95	0
1787307455	3.07	3.97	5.95	0
1787307460	3.54	4.05	5.97	0
1787307465	3.42	4.02	5.94	0
1787307470	3.55	4.03	5.94	0
1787307475	3.90	4.10	5.95	0
1787307480	3.67	4.05	5.92	0
1787307485	4.02	4.11	5.93	0
1787307490	3.78	4.06	5.91	0
1787307495	4.11	4.13	5.92	0
1787307500	3.94	4.09	5.90	0
1787307506	4.27	4.16	5.91	0
1787307511	4.41	4.19	5.91	0
1787307516	5.50	4.42	5.97	0
1787307521	5.14	4.36	5.95	0
1787307526	4.81	4.30	5.92	0
1787307531	4.66	4.28	5.90	0
1787307536	4.37	4.23	5.88	0
1787307541	4.58	4.27	5.88	0
1787307546	4.29	4.22	5.86	0
1787307551	4.03	4.16	5.83	0
1787307556	3.78	4.11	5.81	0
1787307561	3.56	4.06	5.78	0
1787307566	3.36	4.01	5.75	0
1787307571	3.17	3.96	5.73	0
1787307576	3.55	4.03	5.74	0
1787307581	3.59	4.03	5.73	0
1787307586	3.54	4.01	5.72	0
1787307591	3.42	3.97	5.70	0
1787307596	3.31	3.94	5.68	0
1787307601	3.12	3.89	5.65	0
1787307606	2.95	3.84	5.62	0
1787307611	2.71	3.78	5.59	0
1787307616	3.14	3.85	5.61	0
1787307621	2.97	3.80	5.58	0
1787307626	2.81	3.76	5.56	0
1787307631	2.66	3.71	5.53	0
1787307636	2.61	3.68	5.51	0
1787307641	3.04	3.75	5.53	0
1787307646	3.68	3.87	5.56	0
1787307651	4.03	3.94	5.57	0
1787307656	3.78	3.89	5.55	0
1787307661	3.96	3.93	5.55	0
1787307666	3.80	3.90	5.53	0
1787307671	3.58	3.85	5.50	0
1787307676	3.37	3.80	5.48	0
1787307681	3.74	3.87	5.49	0
1787307686	4.08	3.94	5.51	0
1787307691	4.08	3.94	5.50	0
1787307696	4.47	4.02	5.52	0
1787307701	4.91	4.12	5.54	0
1787307706	4.60	4.07	5.52	0
1787307711	4.39	4.04	5.50	0
1787307716	4.12	3.99	5.47	0
1787307721	3.87	3.94	5.45	0
1787307726	3.64	3.89	5.43	0
1787307731	3.43	3.84	5.40	0
1787307736	3.23	3.79	5.38	0
1787307741	3.05	3.75	5.35	0
1787307746	3.45	3.82	5.37	0
1787307751	3.25	3.77	5.35	0
1787307756	3.72	3.86	5.37	0
1787307761	4.06	3.93	5.38	0
1787307766	3.81	3.88	5.36	0
1787307771	4.23	3.96	5.38	0
1787307776	4.21	3.96	5.37	0
1787307781	3.95	3.91	5.34	0
1787307786	3.72	3.87	5.32	0
1787307791	4.14	3.95	5.34	0
1787307796	3.97	3.92	5.32	0
1787307801	4.29	3.99	5.34	0
1787307806	4.59	4.05	5.35	0
1787307811	4.94	4.14	5.37	0
1787307816	5.19	4.20	5.39	0
1787307821	5.25	4.23	5.39	0
1787307826	5.15	4.23	5.38	0
1787307831	4.90	4.19	5.36	0
1787307836	4.67	4.15	5.34	0
1787307841	4.93	4.22	5.36	0
1787307847	4.62	4.16	5.34	0
1787307852	4.57	4.16	5.33	0
1787307857	4.68	4.19	5.33	0
1787307862	4.39	4.14	5.31	0
1787307867	4.12	4.08	5.29	0
1787307872	3.87	4.03	5.26	0
1787307877	3.88	4.03	5.26	0
1787307882	3.65	3.98	5.23	0
1787307887	3.43	3.93	5.21	0
1787307892	3.32	3.90	5.19	0
1787307897	3.21	3.87	5.17	0
1787307902	3.60	3.94	5.19	0
1787307907	3.39	3.89	5.17	0
1787307912	3.28	3.86	5.15	0
1787307917	3.66	3.93	5.17	0
1787307922	3.44	3.88	5.14	0
1787307927	3.33	3.85	5.13	0
1787307932	3.70	3.91	5.14	0
1787307937	3.49	3.87	5.12	0
1787307942	3.85	3.93	5.13	0
1787307947	4.34	4.04	5.16	0
1787307952	4.23	4.02	5.15	0
1787307957	4.77	4.13	5.18	0
1787307962	4.47	4.08	5.16	0
1787307967	4.75	4.15	5.17	0
1787307972	5.02	4.21	5.19	0
1787307977	5.25	4.27	5.20	0
1787307982	5.55	4.35	5.23	0
1787307987	5.27	4.31	5.21	0
1787307992	5.49	4.37	5.22	0
1787307997	5.13	4.32	5.20	0
1787308002	5.36	4.38	5.22	0
1787308007	5.57	4.44	5.23	0
1787308012	5.36	4.42	5.22	0
1787308017	5.66	4.49	5.24	0
1787308022	5.28	4.43	5.22	0
1787308027	4.94	4.38	5.19	0
1787308032	4.62	4.32	5.17	0
1787308037	4.33	4.27	5.15	0
1787308042	4.07	4.21	5.12	0
1787308047	3.82	4.16	5.10	0
1787308052	4.32	4.26	5.13	0
1787308057	4.61	4.32	5.14	0
1787308062	4.88	4.38	5.16	0
1787308067	4.81	4.37	5.15	0
1787308072	4.51	4.32	5.13	0
1787308077	4.87	4.39	5.15	0
1787308082	5.36	4.50	5.18	0
1787308087	5.89	4.63	5.22	0
1787308092	6.14	4.70	5.24	0
1787308097	5.81	4.66	5.22	0
1787308102	6.06	4.73	5.24	0
1787308107	5.74	4.68	5.23	0
1787308112	5.52	4.66	5.21	0
1787308117	5.32	4.63	5.20	0
1787308122	4.97	4.57	5.18	0
1787308127	5.29	4.64	5.20	0
1787308132	5.11	4.61	5.19	0
1787308137	4.78	4.55	5.16	0
1787308142	4.48	4.49	5.14	0
1787308147	4.20	4.44	5.12	0
1787308152	4.02	4.40	5.10	0
1787308157	3.78	4.34	5.08	0
1787308162	3.56	4.28	5.06	0
1787308167	3.35	4.23	5.04	0
1787308172	3.81	4.31	5.06	0
1787308177	4.14	4.37	5.07	0
1787308182	4.13	4.36	5.07	0
1787308187	4.44	4.42	5.08	0
1787308192	4.72	4.48	5.10	0
1787308197	4.99	4.54	5.12	0
1787308203	4.83	4.52	5.10	0
1787308208	4.52	4.46	5.08	0
1787308213	4.80	4.52	5.10	0
1787308218	5.06	4.58	5.11	0
1787308223	4.89	4.55	5.10	0
1787308228	4.74	4.52	5.09	0
1787308233	5.00	4.58	5.11	0
1787308238	5.16	4.62	5.12	0
1787308243	4.99	4.59	5.10	0
1787308248	5.15	4.63	5.12	0
1787308253	4.82	4.57	5.09	0
1787308258	4.51	4.51	5.07	0
1787308263	4.47	4.51	5.06	0
1787308268	4.43	4.50	5.06	0
1787308273	4.72	4.56	5.07	0
1787308278	4.42	4.50	5.05	0
1787308283	4.79	4.57	5.07	0
1787308288	5.04	4.63	5.09	0
1787308293	4.96	4.62	5.08	0
1787308298	5.20	4.67	5.10	0
1787308303	5.59	4.76	5.13	0
1787308308	5.38	4.73	5.12	0
1787308313	5.19	4.70	5.10	0
1787308318	5.09	4.69	5.10	0
1787308323	5.09	4.70	5.10	0
1787308328	4.92	4.67	5.08	0
1787308333	4.61	4.61	5.06	0
1787308338	4.88	4.67	5.08	0
1787308343	4.81	4.65	5.07	0
1787308348	4.50	4.59	5.05	0
1787308353	4.30	4.55	5.03	0
1787308358	4.04	4.49	5.01	0
1787308363	3.79	4.43	4.99	0
1787308368	3.65	4.39	4.97	0
1787308373	3.52	4.35	4.96	0
1787308378	3.39	4.31	4.94	0
1787308383	3.20	4.26	4.92	0
1787308388	3.11	4.22	4.90	0
1787308393	3.10	4.20	4.89	0
1787308398	3.01	4.16	4.88	0
1787308403	2.93	4.13	4.86	0
1787308408	3.33	4.19	4.88	0
1787308413	3.71	4.25	4.90	0
1787308418	3.65	4.23	4.89	0
1787308423	4.00	4.30	4.90	0
1787308428	4.32	4.36	4.92	0
1787308433	4.13	4.32	4.90	0
1787308438	4.20	4.33	4.91	0
1787308443	4.51	4.39	4.92	0
1787308448	4.95	4.48	4.95	0
1787308453	5.11	4.53	4.96	0
1787308458	5.26	4.57	4.97	0
1787308463	5.00	4.53	4.96	0
1787308468	4.76	4.48	4.94	0
1787308473	4.70	4.47	4.93	0
1787308478	4.40	4.42	4.91	0
1787308483	4.77	4.49	4.94	0
1787308488	4.55	4.45	4.92	0
1787308493	4.27	4.39	4.90	0
1787308498	4.56	4.45	4.91	0
1787308503	4.28	4.40	4.89	0
1787308508	4.26	4.39	4.89	0
1787308513	4.24	4.38	4.88	0
1787308518	4.06	4.34	4.87	0
1787308523	4.29	4.39	4.88	0
1787308528	4.03	4.33	4.86	0
1787308533	4.19	4.36	4.87	0
1787308538	4.01	4.32	4.85	0
1787308543	3.77	4.26	4.83	0
1787308548	4.03	4.31	4.84	0
1787308553	4.11	4.32	4.84	0
1787308559	3.86	4.27	4.82	0
1787308564	4.11	4.31	4.83	0
1787308569	3.94	4.27	4.82	0
1787308574	3.78	4.23	4.80	0
1787308579	3.96	4.26	4.81	0
1787308584	3.81	4.23	4.79	0
1787308589	3.66	4.19	4.78	0
1787308594	3.45	4.14	4.76	0
1787308599	3.33	4.10	4.74	0
1787308604	3.14	4.05	4.72	0
1787308609	3.53	4.12	4.74	0
1787308614	3.33	4.06	4.72	0
1787308619	3.70	4.13	4.74	0
1787308624	3.81	4.14	4.74	0
1787308629	3.82	4.14	4.73	0
1787308634	3.68	4.11	4.72	0
1787308639	4.02	4.17	4.74	0
1787308644	4.34	4.23	4.75	0
1787308649	4.64	4.30	4.77	0
1787308654	4.42	4.26	4.76	0
1787308659	4.15	4.20	4.74	0
1787308664	3.90	4.15	4.72	0
1787308669	4.23	4.22	4.73	0
1787308674	4.53	4.28	4.75	0
1787308679	4.25	4.22	4.73	0
1787308684	4.39	4.25	4.74	0
1787308689	4.11	4.20	4.72	0
1787308694	4.03	4.18	4.71	0
1787308699	4.18	4.21	4.72	0
1787308704	3.93	4.16	4.70	0
1787308709	3.69	4.10	4.68	0
1787308714	3.96	4.15	4.69	0
1787308719	4.44	4.25	4.72	0
1787308724	4.33	4.23	4.71	0
1787308729	4.22	4.21	4.70	0
1787308734	4.12	4.19	4.69	0
1787308739	4.35	4.23	4.70	0
1787308744	4.32	4.23	4.70	0
1787308749	4.78	4.33	4.73	0
1787308754	4.80	4.34	4.73	0
1787308759	5.21	4.43	4.76	0
1787308764	5.84	4.57	4.80	0
1787308769	6.09	4.65	4.82	0
1787308774	5.84	4.62	4.81	0
1787308779	6.18	4.71	4.84	0
1787308784	6.16	4.73	4.85	0
1787308789	5.83	4.68	4.83	0
1787308794	5.60	4.66	4.82	0
1787308799	5.39	4.63	4.81	3
1787308804	5.36	4.64	4.81	3
1787308809	5.33	4.64	4.82	3
1787308814	5.07	4.60	4.80	3
1787308819	5.46	4.69	4.83	0
1787308824	5.02	4.61	4.80	0
1787308829	4.62	4.53	4.78	2
1787308834	4.33	4.47	4.76	2
1787308839	4.06	4.42	4.74	2
1787308844	3.82	4.36	4.72	2
1787308849	3.59	4.30	4.70	2
1787308854	3.46	4.26	4.68	2
1787308859	3.35	4.23	4.67	2
1787308864	3.16	4.17	4.65	2
1787308869	2.99	4.12	4.63	3
1787308874	2.83	4.07	4.61	3
1787308879	2.68	4.02	4.59	3
1787308884	2.54	3.97	4.57	3
1787308889	2.42	3.92	4.55	0
1787308894	2.23	3.85	4.52	0
1787308899	2.05	3.79	4.50	0
1787308904	1.96	3.74	4.48	0
1787308909	2.13	3.75	4.48	0
1787308914	2.04	3.70	4.46	0
1787308920	1.95	3.65	4.44	0
1787308925	1.96	3.63	4.43	0
1787308930	1.88	3.58	4.41	0
1787308935	1.81	3.54	4.39	0
1787308940	1.99	3.55	4.39	0
1787308945	2.55	3.64	4.41	0
1787308950	2.42	3.59	4.39	0
1787308955	2.31	3.55	4.37	0
1787308960	2.20	3.51	4.35	0
1787308965	2.11	3.47	4.34	0
1787308970	2.02	3.43	4.32	0
1787308975	2.58	3.52	4.34	0
1787308980	2.77	3.54	4.35	0
1787308985	3.19	3.62	4.37	0
1787308990	3.02	3.57	4.35	0
1787308995	2.85	3.53	4.33	0
1787309000	2.95	3.54	4.33	0
1787309005	2.87	3.51	4.32	0
1787309010	3.28	3.59	4.34	0
1787309015	3.10	3.54	4.32	0
1787309020	3.01	3.52	4.31	0
1787309025	2.85	3.48	4.29	0
1787309030	3.18	3.54	4.30	0
1787309035	3.09	3.51	4.29	0
1787309040	2.92	3.47	4.27	0
1787309045	3.49	3.58	4.30	0
1787309050	3.85	3.65	4.32	0
1787309055	3.62	3.61	4.31	0
1787309060	3.49	3.58	4.29	0
1787309065	3.61	3.60	4.30	0
1787309070	3.48	3.58	4.28	0
1787309075	3.68	3.62	4.29	0
1787309080	4.03	3.69	4.31	0
1787309085	3.79	3.64	4.29	0
1787309090	3.64	3.62	4.28	0
1787309095	3.43	3.57	4.26	0
1787309100	3.32	3.55	4.25	0
1787309105	3.13	3.50	4.23	0
1787309110	3.52	3.58	4.25	0
1787309115	3.48	3.57	4.25	0
1787309120	3.28	3.53	4.23	0
1787309125	3.10	3.48	4.21	0
1787309130	3.01	3.46	4.20	0
1787309135	3.01	3.45	4.19	0
1787309140	2.85	3.41	4.18	0
1787309145	3.26	3.49	4.20	0
1787309150	3.64	3.56	4.22	0
1787309155	3.51	3.54	4.21	0
1787309160	4.03	3.64	4.24	0
1787309165	4.11	3.67	4.24	0
1787309170	3.86	3.62	4.22	0
1787309175	3.95	3.65	4.23	0
1787309180	3.95	3.65	4.23	0
1787309185	3.72	3.61	4.21	0
1787309190	3.50	3.56	4.19	0
1787309195	3.62	3.59	4.20	0
1787309200	3.97	3.66	4.22	0
1787309205	4.45	3.77	4.25	0
1787309210	4.18	3.72	4.23	0
1787309215	4.48	3.79	4.25	0
1787309220	4.28	3.76	4.24	0
1787309225	4.02	3.72	4.22	0
1787309230	4.18	3.75	4.23	0
1787309235	3.92	3.71	4.21	0
1787309240	3.69	3.66	4.20	0
1787309245	3.47	3.62	4.18	0
1787309250	3.36	3.59	4.17	0
1787309255	3.25	3.56	4.15	0
1787309260	3.15	3.54	4.14	0
1787309265	3.97	3.70	4.19	0
1787309271	3.90	3.69	4.18	0
1787309276	3.74	3.66	4.17	0
1787309281	4.16	3.75	4.20	0
1787309286	3.91	3.70	4.18	0
1787309291	3.76	3.68	4.17	0
1787309296	4.18	3.77	4.19	0
1787309301	3.92	3.72	4.18	0
1787309306	4.33	3.81	4.20	0
1787309311	4.62	3.88	4.22	0
1787309316	5.13	4.00	4.26	0
1787309321	4.88	3.96	4.25	0
1787309326	4.57	3.91	4.23	0
1787309331	4.85	3.98	4.25	0
1787309336	4.78	3.98	4.25	0
1787309341	4.48	3.93	4.23	0
1787309346	4.28	3.90	4.22	0
1787309351	4.66	3.98	4.25	0
1787309356	4.84	4.03	4.26	0
1787309361	4.78	4.03	4.26	0
1787309366	5.03	4.10	4.28	0
1787309371	5.11	4.13	4.29	0
1787309376	4.86	4.10	4.28	0
1787309381	5.03	4.14	4.29	0
1787309386	5.75	4.31	4.34	0
1787309391	8.01	4.80	4.50	0
1787309396	8.81	5.02	4.58	0
1787309401	9.23	5.17	4.63	0
1787309406	10.49	5.50	4.74	0
1787309411	10.29	5.54	4.75	0
1787309416	10.27	5.62	4.78	0
1787309421	9.53	5.54	4.76	0
1787309426	9.16	5.53	4.76	0
1787309431	8.51	5.45	4.74	0
1787309436	8.63	5.53	4.77	0
1787309441	8.42	5.54	4.78	0
1787309446	8.38	5.58	4.80	0
1787309451	8.27	5.60	4.81	0
1787309456	7.69	5.53	4.79	0
1787309461	7.39	5.50	4.78	0
1787309466	7.36	5.53	4.79	0
1787309471	6.85	5.45	4.77	0
1787309476	6.38	5.38	4.75	0
1787309481	5.95	5.30	4.73	0
1787309486	5.56	5.23	4.71	0
1787309491	7.27	5.59	4.83	0
1787309496	7.01	5.57	4.83	0
1787309501	6.85	5.56	4.83	0
1787309506	8.94	6.01	4.98	0
1787309511	11.27	6.54	5.16	0
1787309516	10.53	6.47	5.14	0
1787309521	10.41	6.51	5.16	0
1787309526	11.25	6.75	5.25	0
1787309531	10.99	6.77	5.26	0
1787309536	12.52	7.16	5.40	0
1787309541	13.92	7.54	5.53	0
1787309546	13.68	7.60	5.56	0
1787309551	12.91	7.54	5.55	0
1787309556	12.67	7.58	5.57	0
1787309561	11.82	7.48	5.55	0
1787309566	11.51	7.49	5.57	0
1787309571	11.39	7.53	5.59	0
1787309576	10.56	7.43	5.57	0
1787309581	10.43	7.45	5.58	0
1787309586	9.68	7.34	5.56	0
1787309592	9.46	7.34	5.57	0
1787309597	8.87	7.25	5.55	0
1787309602	8.48	7.20	5.54	0
1787309607	7.88	7.09	5.51	0
1787309612	7.73	7.07	5.52	0
1787309617	7.27	6.99	5.50	0
1787309622	7.01	6.94	5.49	0
1787309627	7.17	6.97	5.51	0
1787309632	7.23	6.99	5.52	0
1787309637	7.29	7.01	5.54	0
1787309642	8.79	7.32	5.65	0
1787309647	9.77	7.55	5.73	0
1787309652	9.47	7.52	5.73	0
1787309657	9.35	7.53	5.74	0
1787309662	8.68	7.42	5.72	0
1787309667	8.07	7.32	5.69	0
1787309672	8.06	7.33	5.70	0
1787309677	8.06	7.34	5.72	0
1787309682	7.81	7.30	5.71	0
1787309687	7.27	7.20	5.69	0
1787309692	7.24	7.19	5.70	0
1787309697	6.82	7.11	5.68	0
1787309702	6.84	7.10	5.68	0
1787309707	6.61	7.05	5.67	0
1787309712	6.56	7.04	5.68	0
1787309717	6.12	6.93	5.65	0
1787309722	5.71	6.84	5.62	0
1787309727	5.81	6.84	5.63	0
1787309732	5.91	6.84	5.64	0
1787309737	5.83	6.81	5.64	0
1787309742	6.09	6.85	5.65	0
1787309747	6.32	6.88	5.67	0
1787309752	6.45	6.90	5.69	0
1787309757	6.18	6.84	5.67	0
1787309762	5.92	6.77	5.66	0
1787309767	5.53	6.68	5.63	0
1787309772	5.41	6.63	5.62	0
1787309777	5.05	6.54	5.60	0
1787309782	5.37	6.58	5.62	0
1787309787	5.66	6.62	5.63	0
1787309792	5.61	6.59	5.63	0
1787309797	5.32	6.52	5.61	0
1787309802	7.37	6.92	5.75	0
1787309807	9.35	7.34	5.89	0
1787309812	9.32	7.37	5.91	0
1787309817	8.65	7.26	5.88	0
1787309822	8.60	7.27	5.89	0
1787309827	8.15	7.20	5.88	0
1787309832	8.22	7.23	5.89	0
1787309837	7.64	7.13	5.87	0
1787309842	7.59	7.13	5.87	0
1787309847	7.06	7.02	5.85	0
1787309852	6.74	6.96	5.83	0
1787309857	6.84	6.98	5.84	0
1787309862	6.93	6.99	5.85	0
1787309867	7.18	7.04	5.88	0
1787309872	6.84	6.98	5.86	0
1787309877	6.45	6.89	5.84	0
1787309882	6.26	6.84	5.83	0
1787309887	5.84	6.75	5.80	0
1787309892	6.01	6.77	5.82	0
1787309898	5.61	6.67	5.79	0
1787309903	5.24	6.58	5.76	0
1787309908	4.90	6.48	5.74	0
1787309913	4.59	6.39	5.71	0
1787309918	4.86	6.42	5.72	0
1787309923	4.87	6.40	5.72	0
1787309928	4.64	6.32	5.70	0
1787309933	4.43	6.25	5.68	0
1787309938	4.88	6.31	5.70	0
1787309943	5.21	6.36	5.72	0
1787309948	5.51	6.40	5.74	0
1787309953	5.15	6.31	5.71	0
1787309958	5.38	6.34	5.73	0
1787309963	5.11	6.27	5.71	0
1787309968	5.34	6.30	5.72	0
1787309973	5.23	6.26	5.71	0
1787309978	5.13	6.22	5.70	0
1787309983	5.12	6.20	5.70	0
1787309988	4.95	6.15	5.68	0
1787309993	4.71	6.08	5.66	0
1787309998	4.50	6.01	5.64	0
1787310003	4.46	5.98	5.63	0
1787310008	4.18	5.89	5.61	0
1787310013	4.49	5.93	5.62	0
1787310018	4.37	5.88	5.61	0
1787310023	4.10	5.80	5.58	0
1787310028	3.85	5.72	5.56	0
1787310033	3.86	5.69	5.55	0
1787310038	4.35	5.76	5.57	0
1787310043	5.05	5.88	5.61	0
1787310048	5.04	5.87	5.61	0
1787310053	5.28	5.90	5.62	0
1787310058	5.10	5.85	5.61	0
1787310063	4.85	5.79	5.59	0
1787310068	4.62	5.73	5.57	0
1787310073	4.33	5.65	5.54	0
1787310078	4.14	5.59	5.53	0
1787310083	3.89	5.51	5.50	0
1787310088	3.74	5.45	5.48	0
1787310093	4.08	5.50	5.50	0
1787310098	4.39	5.54	5.51	0
1787310103	4.12	5.46	5.48	0
1787310108	4.35	5.49	5.49	0
1787310113	4.73	5.55	5.51	0
1787310118	4.51	5.49	5.49	0
1787310123	4.95	5.56	5.52	0
1787310128	5.19	5.60	5.53	0
1787310133	4.86	5.53	5.51	0
1787310138	4.55	5.45	5.48	0
1787310143	4.50	5.43	5.47	0
1787310148	4.78	5.47	5.49	0
1787310153	5.04	5.51	5.50	0
1787310158	5.28	5.55	5.52	0
1787310163	5.42	5.58	5.52	0
1787310168	5.62	5.62	5.54	0
1787310173	5.81	5.66	5.55	0
1787310178	5.99	5.70	5.56	0
1787310183	5.75	5.65	5.55	0
1787310188	5.85	5.67	5.56	0
1787310193	5.46	5.60	5.53	0
1787310198	5.42	5.59	5.53	0
1787310203	5.39	5.58	5.53	0
1787310208	5.36	5.57	5.52	0
1787310213	5.01	5.49	5.50	0
1787310218	5.01	5.48	5.50	0
1787310223	5.09	5.49	5.50	0
1787310228	4.76	5.42	5.47	0
1787310233	5.10	5.48	5.49	0
1787310238	4.93	5.43	5.48	0
1787310243	5.02	5.44	5.48	0
1787310249	4.78	5.39	5.46	0
1787310254	4.47	5.31	5.44	0
1787310259	4.68	5.34	5.45	0
1787310264	4.46	5.29	5.43	0
1787310269	4.75	5.33	5.44	0
1787310274	5.09	5.39	5.46	0
1787310279	5.24	5.42	5.47	0
1787310284	5.54	5.48	5.49	0
1787310289	5.58	5.49	5.49	0
1787310294	5.45	5.46	5.49	0
1787310299	5.98	5.57	5.52	0
1787310304	5.82	5.55	5.51	0
1787310309	5.67	5.52	5.50	0
1787310314	5.46	5.48	5.49	0
1787310319	5.66	5.52	5.50	0
1787310324	5.61	5.51	5.50	0
1787310329	6.36	5.67	5.55	0
1787310334	6.41	5.69	5.56	0
1787310339	6.22	5.66	5.55	0
1787310344	6.20	5.67	5.55	0
1787310349	5.94	5.62	5.54	0
1787310354	5.71	5.58	5.53	0
1787310359	5.65	5.57	5.52	0
1787310364	5.76	5.59	5.53	0
1787310369	6.34	5.72	5.57	0
1787310374	6.15	5.69	5.56	0
1787310379	6.54	5.78	5.59	0
1787310384	7.62	6.01	5.67	0
1787310389	7.17	5.95	5.65	0
1787310394	7.56	6.05	5.68	0
1787310399	7.03	5.96	5.66	0
1787310404	6.95	5.96	5.66	0
1787310409	6.47	5.88	5.64	0
1787310414	6.43	5.88	5.64	0
1787310419	6.00	5.80	5.61	0
1787310424	5.68	5.74	5.59	0
1787310429	5.78	5.76	5.60	0
1787310434	5.40	5.68	5.58	0
1787310439	5.05	5.60	5.55	0
1787310444	5.28	5.64	5.56	0
1787310449	5.26	5.63	5.56	0
1787310454	7.40	6.07	5.70	0
1787310459	6.89	5.99	5.68	0
1787310464	7.22	6.07	5.71	0
1787310469	7.28	6.10	5.72	0
1787310474	7.82	6.23	5.76	0
1787310479	7.43	6.18	5.75	0
1787310484	7.72	6.26	5.78	0
1787310489	8.06	6.35	5.81	0
1787310494	8.46	6.47	5.85	0
1787310499	8.42	6.49	5.86	0
1787310504	8.47	6.53	5.88	0
1787310509	7.95	6.46	5.86	0
1787310514	7.71	6.43	5.85	0
1787310519	10.30	6.99	6.04	0
1787310524	9.87	6.96	6.03	0
1787310529	11.65	7.37	6.17	0
1787310534	13.36	7.80	6.31	0
1787310539	15.17	8.27	6.47	0
1787310544	14.60	8.26	6.48	0
1787310549	13.83	8.21	6.47	0
1787310554	12.88	8.10	6.45	0
1787310560	11.93	7.99	6.42	0
1787310565	11.53	7.97	6.42	0
1787310570	10.69	7.85	6.39	0
1787310575	9.91	7.74	6.37	0
1787310580	9.28	7.64	6.34	0
1787310585	8.62	7.53	6.31	0
1787310590	8.01	7.43	6.28	0
1787310595	8.01	7.43	6.29	0
1787310600	7.44	7.33	6.26	0
1787310605	7.49	7.34	6.27	0
1787310610	7.13	7.27	6.26	0
1787310615	6.72	7.18	6.23	0
1787310620	6.42	7.11	6.22	0
1787310625	6.47	7.11	6.22	0
1787310630	6.59	7.12	6.23	0
1787310635	6.14	7.02	6.20	0
1787310640	5.89	6.95	6.18	0
1787310645	5.58	6.87	6.16	0
1787310650	5.37	6.81	6.14	0
1787310655	5.58	6.83	6.15	0
1787310660	5.78	6.85	6.16	0
1787310665	5.87	6.85	6.17	0
1787310670	5.80	6.82	6.16	0
1787310675	5.82	6.80	6.16	0
1787310680	5.67	6.76	6.15	0
1787310685	5.46	6.70	6.13	0
1787310690	5.58	6.70	6.14	0
1787310695	5.46	6.66	6.13	0
1787310700	5.10	6.56	6.10	0
1787310705	4.77	6.47	6.07	0
1787310710	4.55	6.39	6.05	0
1787310715	4.99	6.45	6.07	0
1787310720	5.23	6.48	6.08	0
1787310725	5.21	6.46	6.08	0
1787310730	4.95	6.38	6.05	0
1787310735	5.20	6.41	6.06	0
1787310740	5.58	6.47	6.09	0
1787310745	5.37	6.41	6.07	0
1787310750	5.66	6.45	6.08	0
1787310755	5.37	6.38	6.06	0
1787310760	5.02	6.29	6.04	0
1787310765	4.70	6.20	6.01	0
1787310770	4.96	6.23	6.02	0
1787310775	5.21	6.26	6.03	0
1787310780	5.27	6.26	6.03	0
1787310785	5.49	6.29	6.04	0
1787310790	5.13	6.20	6.01	0
1787310795	5.28	6.21	6.02	0
1787310800	5.10	6.16	6.00	0
1787310805	4.85	6.09	5.98	0
1787310810	4.54	6.01	5.95	0
1787310815	4.50	5.97	5.94	0
1787310820	4.78	6.01	5.95	0
1787310825	4.55	5.94	5.93	0
1787310830	4.27	5.86	5.90	0
1787310835	4.57	5.89	5.92	0
1787310840	4.28	5.81	5.89	0
1787310845	4.50	5.83	5.90	0
1787310850	4.78	5.87	5.91	0
1787310855	4.48	5.79	5.88	0
1787310860	4.76	5.82	5.89	0
1787310865	4.54	5.76	5.87	0
1787310870	4.58	5.75	5.87	0
1787310875	4.37	5.68	5.85	0
1787310880	4.42	5.67	5.84	0
1787310885	4.63	5.70	5.85	0
1787310890	4.58	5.67	5.84	0
1787310895	4.29	5.59	5.81	0
1787310900	4.27	5.56	5.80	0
1787310905	4.25	5.54	5.79	0
1787310910	4.22	5.51	5.78	0
1787310916	3.97	5.43	5.76	0
1787310921	3.81	5.38	5.74	0
1787310926	3.66	5.32	5.71	0
1787310931	3.45	5.25	5.69	0
1787310936	3.25	5.18	5.66	0
1787310941	3.63	5.23	5.68	0
1787310946	3.98	5.27	5.69	0
1787310951	4.31	5.32	5.70	0
1787310956	4.60	5.36	5.71	0
1787310961	4.87	5.41	5.73	0
1787310966	4.56	5.33	5.70	0
1787310971	4.84	5.38	5.71	0
1787310976	4.53	5.31	5.69	0
1787310981	4.49	5.28	5.68	0
1787310986	4.85	5.35	5.70	0
1787310991	5.10	5.39	5.71	0
1787310996	4.77	5.32	5.68	0
1787311001	5.03	5.36	5.70	0
1787311006	5.11	5.37	5.70	0
1787311011	5.26	5.40	5.71	0
1787311016	5.32	5.41	5.71	0
1787311021	4.97	5.34	5.68	0
1787311026	4.66	5.26	5.66	0
1787311031	4.24	5.16	5.62	0
1787311036	4.70	5.24	5.64	0
1787311041	4.81	5.25	5.64	0
1787311046	4.50	5.18	5.62	0
1787311051	4.70	5.21	5.63	0
1787311056	4.73	5.20	5.62	0
1787311061	4.99	5.25	5.64	0
1787311066	5.23	5.30	5.65	0
1787311071	4.89	5.23	5.62	0
1787311076	4.74	5.19	5.61	0
1787311081	4.44	5.12	5.58	0
1787311086	4.32	5.08	5.57	0
1787311091	4.62	5.13	5.58	0
1787311096	4.25	5.05	5.55	0
1787311101	4.15	5.01	5.54	0
1787311106	3.98	4.96	5.52	0
1787311111	4.30	5.01	5.53	0
1787311116	4.52	5.05	5.54	0
1787311121	4.23	4.98	5.52	0
1787311126	4.45	5.01	5.53	0
1787311131	4.18	4.95	5.50	0
1787311136	4.48	5.00	5.52	0
1787311141	4.20	4.93	5.49	0
1787311146	4.03	4.88	5.47	0
1787311151	4.19	4.90	5.47	0
1787311156	3.93	4.84	5.45	0
1787311161	3.78	4.79	5.43	0
1787311166	4.11	4.84	5.45	0
1787311171	3.87	4.78	5.42	0
1787311176	3.64	4.71	5.40	0
1787311181	3.42	4.65	5.37	0
1787311186	3.23	4.59	5.35	0
1787311191	3.61	4.65	5.37	0
1787311196	3.56	4.62	5.35	0
1787311201	3.36	4.56	5.33	0
1787311206	3.49	4.57	5.33	0
1787311211	3.29	4.51	5.30	0
1787311216	3.75	4.58	5.32	0
1787311221	4.33	4.69	5.35	0
1787311226	4.14	4.64	5.34	0
1787311231	3.89	4.58	5.31	0
1787311236	4.14	4.62	5.32	0
1787311241	3.89	4.56	5.30	0
1787311246	3.74	4.52	5.28	0
1787311251	3.52	4.46	5.26	0
1787311256	3.32	4.40	5.23	0
1787311261	3.21	4.36	5.22	0
1787311266	3.03	4.31	5.19	0
1787311271	3.11	4.30	5.19	0
1787311276	2.94	4.25	5.16	0
1787311282	2.87	4.21	5.15	0
1787311287	2.72	4.16	5.12	0
1787311292	3.14	4.22	5.14	0
1787311297	3.37	4.25	5.14	0
1787311302	3.18	4.20	5.12	0
1787311307	3.00	4.14	5.10	0
1787311312	3.48	4.22	5.12	0
1787311317	3.29	4.17	5.10	0
1787311322	3.66	4.23	5.11	0
1787311327	4.01	4.30	5.13	0
1787311332	4.33	4.36	5.14	0
1787311337	4.14	4.32	5.13	0
1787311342	4.45	4.38	5.14	0
1787311347	4.82	4.46	5.16	0
1787311352	4.59	4.42	5.15	0
1787311357	4.86	4.48	5.16	0
1787311362	5.12	4.54	5.18	0
1787311367	4.79	4.48	5.16	0
1787311372	5.04	4.53	5.17	0
1787311377	5.28	4.59	5.19	0
1787311382	5.50	4.65	5.20	0
1787311387	5.22	4.60	5.18	0
1787311392	4.96	4.56	5.17	0
1787311397	4.72	4.52	5.15	0
1787311402	4.50	4.48	5.13	0
1787311407	4.95	4.57	5.16	0
1787311412	5.35	4.66	5.19	0
1787311417	5.08	4.61	5.17	0
1787311422	5.48	4.70	5.19	0
1787311427	5.68	4.76	5.21	0
1787311432	5.78	4.80	5.22	0
1787311437	5.80	4.82	5.22	0
1787311442	5.50	4.77	5.21	0
1787311447	5.14	4.71	5.18	0
1787311452	4.81	4.64	5.16	0
1787311457	4.58	4.60	5.14	0
1787311462	4.29	4.54	5.12	0
1787311467	4.67	4.61	5.14	0
1787311472	4.86	4.65	5.15	0
1787311477	4.63	4.61	5.14	0
1787311482	4.82	4.65	5.15	0
1787311487	4.59	4.61	5.13	0
1787311492	4.62	4.61	5.13	0
1787311497	5.06	4.70	5.15	0
1787311502	4.97	4.69	5.15	0
1787311507	4.65	4.63	5.12	0
1787311512	4.92	4.69	5.14	0
1787311517	4.61	4.62	5.12	0
1787311522	4.40	4.58	5.10	0
1787311527	4.20	4.54	5.08	0
1787311532	4.75	4.64	5.12	0
1787311537	5.17	4.73	5.14	0
1787311542	5.00	4.70	5.13	0
1787311547	4.68	4.64	5.11	0
1787311552	4.86	4.68	5.12	0
1787311557	4.55	4.62	5.10	0
1787311562	4.27	4.56	5.07	0
1787311567	4.57	4.62	5.09	0
1787311572	4.28	4.56	5.07	0
1787311577	4.90	4.68	5.11	0
1787311582	5.15	4.74	5.12	0
1787311587	5.38	4.79	5.14	0
1787311592	5.67	4.86	5.16	0
1787311597	5.61	4.86	5.16	0
1787311602	5.24	4.80	5.13	0
1787311607	4.90	4.74	5.11	0
1787311612	4.91	4.74	5.11	0
1787311617	5.00	4.76	5.12	0
1787311622	4.68	4.70	5.09	0
1787311627	4.86	4.74	5.10	0
1787311632	4.64	4.69	5.09	0
1787311637	4.34	4.63	5.06	0
1787311642	4.64	4.69	5.08	0
1787311648	4.59	4.67	5.07	0
1787311653	4.70	4.70	5.08	0
1787311658	4.40	4.64	5.06	0
1787311663	4.21	4.59	5.04	0
1787311668	4.51	4.65	5.06	0
1787311673	4.23	4.59	5.04	0
1787311678	4.21	4.58	5.03	0
1787311683	4.12	4.55	5.02	0
1787311688	3.87	4.49	5.00	0
1787311693	3.72	4.45	4.98	0
1787311698	4.06	4.51	5.00	0
1787311703	3.89	4.47	4.98	0
1787311708	3.66	4.41	4.96	0
1787311713	4.49	4.57	5.01	0
1787311718	4.37	4.54	5.00	0
1787311723	4.10	4.48	4.98	0
1787311728	4.41	4.54	4.99	0
1787311733	4.22	4.50	4.98	0
1787311738	4.12	4.47	4.97	0
1787311743	4.19	4.48	4.97	0
1787311748	5.94	4.84	5.08	0
1787311753	6.10	4.89	5.10	0
1787311758	6.10	4.91	5.10	0
1787311763	6.01	4.91	5.10	0
1787311768	6.65	5.06	5.15	0
1787311773	6.52	5.06	5.15	0
1787311778	6.47	5.08	5.15	0
1787311783	6.12	5.03	5.13	0
1787311788	5.87	4.99	5.12	0
1787311793	5.48	4.93	5.10	0
1787311798	7.12	5.28	5.21	0
1787311803	8.63	5.62	5.32	0
1787311808	8.10	5.56	5.31	0
1787311813	7.53	5.49	5.28	0
1787311818	7.57	5.53	5.30	0
1787311823	7.04	5.45	5.27	0
1787311828	6.64	5.39	5.26	0
1787311833	6.19	5.32	5.23	0
1787311838	6.33	5.37	5.25	0
1787311843	5.99	5.31	5.23	0
1787311848	5.59	5.24	5.21	0
1787311853	5.30	5.18	5.19	0
1787311858	5.19	5.16	5.18	0
1787311863	4.86	5.09	5.16	0
1787311868	4.71	5.06	5.15	0
1787311873	4.49	5.01	5.13	0
1787311878	4.61	5.02	5.14	0
1787311883	5.69	5.24	5.20	0
1787311888	5.47	5.20	5.19	0
1787311893	5.91	5.30	5.22	0
1787311898	5.68	5.26	5.21	0
1787311903	5.87	5.31	5.23	0
1787311908	5.88	5.32	5.23	0
1787311913	5.57	5.26	5.21	0
1787311918	5.52	5.26	5.21	0
1787311923	6.92	5.55	5.31	0
1787311928	8.13	5.83	5.40	0
1787311933	8.12	5.86	5.41	0
1787311938	7.71	5.82	5.40	0
1787311943	9.41	6.20	5.53	0
1787311949	10.58	6.50	5.63	0
1787311954	9.81	6.41	5.60	0
1787311959	9.11	6.32	5.58	0
1787311964	9.18	6.38	5.60	0
1787311969	8.52	6.29	5.57	0
1787311974	7.92	6.20	5.55	0
1787311979	8.01	6.25	5.57	0
1787311984	7.69	6.21	5.56	0
1787311989	7.71	6.24	5.57	0
1787311994	7.17	6.15	5.55	0
1787311999	7.16	6.17	5.56	0
1787312004	7.23	6.20	5.57	0
1787312009	6.73	6.11	5.54	0
1787312014	6.35	6.04	5.52	0
1787312019	6.72	6.12	5.55	0
1787312024	6.34	6.06	5.54	0
1787312029	6.48	6.09	5.55	0
1787312034	6.04	6.00	5.52	0
1787312039	5.63	5.92	5.50	0
1787312044	5.26	5.84	5.47	0
1787312049	4.92	5.76	5.45	0
1787312054	4.61	5.68	5.43	0
1787312059	4.88	5.72	5.44	0
1787312064	4.65	5.65	5.42	0
1787312069	4.76	5.66	5.43	0
1787312074	4.86	5.67	5.43	0
1787312079	4.79	5.64	5.42	0
1787312084	4.48	5.56	5.40	0
1787312089	4.52	5.55	5.39	0
1787312094	4.56	5.54	5.39	0
1787312099	4.84	5.58	5.41	0
1787312104	5.09	5.62	5.42	0
1787312109	4.76	5.55	5.40	0
1787312114	4.46	5.47	5.37	0
1787312119	4.18	5.40	5.35	0
1787312124	3.93	5.32	5.33	0
1787312129	3.69	5.25	5.30	0
1787312134	3.48	5.18	5.28	0
1787312139	3.28	5.11	5.26	0
1787312144	3.18	5.06	5.24	0
1787312149	3.16	5.02	5.23	0
1787312154	3.07	4.97	5.21	0
1787312159	3.46	5.02	5.22	0
1787312164	3.51	5.01	5.22	0
1787312169	3.87	5.06	5.23	0
1787312174	3.64	4.99	5.21	0
1787312179	4.07	5.06	5.23	0
1787312184	4.38	5.11	5.24	0
1787312189	4.11	5.04	5.22	0
1787312194	4.10	5.02	5.21	0
1787312199	4.49	5.09	5.23	0
1787312204	4.37	5.05	5.22	0
1787312209	4.18	5.00	5.20	0
1787312214	4.01	4.95	5.19	0
1787312219	3.77	4.88	5.16	0
1787312224	3.55	4.82	5.14	0
1787312229	3.58	4.81	5.14	0
1787312234	3.38	4.74	5.11	0
1787312239	3.18	4.68	5.09	0
1787312244	3.09	4.64	5.07	0
1787312249	2.92	4.57	5.05	0
1787312254	3.01	4.56	5.05	0
1787312259	3.41	4.62	5.06	0
1787312264	3.38	4.59	5.05	0
1787312269	3.35	4.57	5.04	0
1787312274	3.16	4.51	5.02	0
1787312279	3.55	4.57	5.03	0
1787312284	3.74	4.59	5.04	0
1787312289	3.76	4.58	5.03	0
1787312294	3.54	4.52	5.01	0
1787312299	4.14	4.63	5.04	0
1787312304	3.89	4.57	5.02	0
1787312310	3.74	4.52	5.01	0
1787312315	3.52	4.47	4.98	0
1787312320	3.40	4.43	4.97	0
1787312325	3.20	4.37	4.95	0
1787312330	3.11	4.33	4.93	0
1787312335	2.86	4.26	4.90	0
1787312340	2.87	4.24	4.89	4
1787312345	3.92	4.43	4.95	0
1787312350	4.33	4.51	4.97	0
1787312355	4.22	4.48	4.96	0
1787312360	4.04	4.44	4.95	0
1787312365	4.04	4.43	4.94	0
1787312370	4.28	4.48	4.95	0
1787312375	4.41	4.50	4.96	0
